training_loss,training_rmse,test_loss,test_rmse
4.277800,0.421149,4.273220,0.419709
3.825693,0.357291,3.843677,0.358136
3.562327,0.328704,3.702589,0.329883
3.236747,0.311541,3.306979,0.312475
7.767917,0.300095,4.843998,0.301300
3.162730,0.292243,3.267463,0.293370
2.969021,0.287184,3.141844,0.288153
2.921691,0.282582,3.082745,0.283543
2.872174,0.278855,2.971046,0.279757
2.885650,0.276163,3.097759,0.276993
