training_loss,training_rmse,test_loss,test_rmse
4.761846,0.489464,4.759552,0.489264
4.788008,0.487688,4.744556,0.487498
4.760618,0.486011,4.778910,0.485833
4.790987,0.484429,4.747845,0.484261
4.776587,0.482928,4.753685,0.482769
4.735449,0.481501,4.747816,0.481348
4.739849,0.480149,4.718778,0.480004
4.743750,0.478860,4.733336,0.478721
4.729677,0.477623,4.727576,0.477491
4.684680,0.476434,4.667013,0.476306
